team1_id,team2_id,week,matchup_id,season
1,8,1,2023010108,2023
1,10,2,2023020110,2023
1,9,3,2023030109,2023
1,2,4,2023040102,2023
1,6,5,2023050106,2023
1,3,6,2023060103,2023
1,4,7,2023070104,2023
1,5,8,2023080105,2023
1,7,9,2023090107,2023
1,8,10,2023100108,2023
1,10,11,2023110110,2023
1,9,12,2023120109,2023
1,2,13,2023130102,2023
1,6,14,2023140106,2023
1,3,15,2023150103,2023
4,2,1,2023010204,2023
4,5,2,2023020405,2023
4,7,3,2023030407,2023
4,8,4,2023040408,2023
4,10,5,2023051004,2023
4,9,6,2023060409,2023
4,6,8,2023080406,2023
4,3,9,2023090304,2023
4,2,10,2023100204,2023
4,5,11,2023110405,2023
4,7,12,2023120407,2023
4,8,13,2023130408,2023
4,10,14,2023141004,2023
4,9,15,2023150409,2023
6,7,1,2023010607,2023
6,8,2,2023020608,2023
6,10,3,2023031006,2023
6,9,4,2023040609,2023
6,2,6,2023060206,2023
6,3,7,2023070306,2023
6,5,9,2023090506,2023
6,7,10,2023100607,2023
6,8,11,2023110608,2023
6,10,12,2023121006,2023
6,9,13,2023130609,2023
6,2,15,2023150206,2023
10,9,1,2023011009,2023
10,3,4,2023041003,2023
10,5,6,2023061005,2023
10,7,7,2023071007,2023
10,8,8,2023081008,2023
10,2,9,2023091002,2023
10,9,10,2023101009,2023
10,3,13,2023131003,2023
10,5,15,2023151005,2023
3,5,1,2023010305,2023
3,7,2,2023020307,2023
3,8,3,2023030308,2023
3,9,5,2023050309,2023
3,2,8,2023080203,2023
3,5,10,2023100305,2023
3,7,11,2023110307,2023
3,8,12,2023120308,2023
3,9,14,2023140309,2023
2,9,2,2023020209,2023
2,5,3,2023030205,2023
2,7,5,2023050207,2023
2,8,7,2023070208,2023
2,9,11,2023110209,2023
2,5,12,2023120205,2023
2,7,14,2023140207,2023
9,5,7,2023070509,2023
9,7,8,2023080709,2023
9,8,9,2023090809,2023
8,5,5,2023050508,2023
8,7,6,2023060708,2023
8,5,14,2023140508,2023
8,7,15,2023150708,2023
5,7,4,2023040507,2023
5,7,13,2023130507,2023
